北京	北京	8
北京	上海	1463
北京	天津	137
北京	重庆	1944
北京	哈尔滨	1273
北京	长春	1013
北京	沈阳	889
北京	呼和浩特	659
北京	石家庄	561
北京	乌鲁木齐	3216
北京	兰州	1803
北京	西宁	1790
北京	西安	1156
北京	银川	1208
北京	郑州	695
北京	济南	495
北京	太原	729
北京	合肥	1109
北京	武汉	1225
北京	南京	1162
北京	成都	1998
北京	贵阳	2329
北京	昆明	2967
北京	南宁	2562
北京	拉萨	3761
北京	杭州	1591
北京	南昌	2012
北京	广州	2267
北京	福州	2331
北京	海口	3065
北京	长沙	1593
北京	大连	890
北京	深圳	2357
北京	无锡	1337
北京	廊坊	74
北京	厦门	2168
北京	青岛	819
上海	北京	1463
上海	上海	10
上海	天津	1325
上海	重庆	1941
上海	哈尔滨	2560
上海	长春	2338
上海	沈阳	2107
上海	呼和浩特	1948
上海	石家庄	1406
上海	乌鲁木齐	4077
上海	兰州	2185
上海	西宁	2405
上海	西安	1509
上海	银川	2219
上海	郑州	998
上海	济南	968
上海	太原	1505
上海	合肥	465
上海	武汉	811
上海	南京	301
上海	成都	2153
上海	贵阳	2014
上海	昆明	2652
上海	南宁	2044
上海	拉萨	4373
上海	杭州	202
上海	南昌	809
上海	广州	1701
上海	福州	883
上海	海口	2442
上海	长沙	1169
上海	大连	2254
上海	深圳	1668
上海	无锡	126
上海	廊坊	1258
上海	厦门	1109
上海	青岛	1296
天津	北京	137
天津	上海	1325
天津	天津	8
天津	重庆	2054
天津	哈尔滨	1264
天津	长春	1018
天津	沈阳	689
天津	呼和浩特	780
天津	石家庄	423
天津	乌鲁木齐	3219
天津	兰州	1683
天津	西宁	1911
天津	西安	1310
天津	银川	1311
天津	郑州	875
天津	济南	357
天津	太原	866
天津	合肥	971
天津	武汉	1220
天津	南京	1024
天津	成都	2458
天津	贵阳	2485
天津	昆明	3123
天津	南宁	2676
天津	拉萨	3871
天津	杭州	1512
天津	南昌	1444
天津	广州	2404
天津	福州	2074
天津	海口	3194
天津	长沙	1697
天津	大连	924
天津	深圳	2367
天津	无锡	1199
天津	廊坊	59
天津	厦门	2107
天津	青岛	750
重庆	北京	1933
重庆	上海	1185
重庆	天津	2054
重庆	重庆	14
重庆	哈尔滨	3289
重庆	长春	3043
重庆	沈阳	2743
重庆	呼和浩特	1841
重庆	石家庄	1599
重庆	乌鲁木齐	3307
重庆	兰州	1448
重庆	西宁	1681
重庆	西安	734
重庆	银川	1583
重庆	郑州	1288
重庆	济南	1837
重庆	太原	1428
重庆	合肥	1159
重庆	武汉	1099
重庆	南京	1168
重庆	成都	313
重庆	贵阳	463
重庆	昆明	1237
重庆	南宁	1338
重庆	拉萨	3641
重庆	杭州	2312
重庆	南昌	1409
重庆	广州	2015
重庆	福州	1967
重庆	海口	1809
重庆	长沙	1094
重庆	大连	3011
重庆	深圳	1836
重庆	无锡	1182
重庆	廊坊	2041
重庆	厦门	2138
重庆	青岛	2349
哈尔滨	北京	1273
哈尔滨	上海	2560
哈尔滨	天津	1259
哈尔滨	重庆	3322
哈尔滨	哈尔滨	6
哈尔滨	长春	246
哈尔滨	沈阳	549
哈尔滨	呼和浩特	1723
哈尔滨	石家庄	1626
哈尔滨	乌鲁木齐	4407
哈尔滨	兰州	2867
哈尔滨	西宁	3146
哈尔滨	西安	2628
哈尔滨	银川	2399
哈尔滨	郑州	2134
哈尔滨	济南	1592
哈尔滨	太原	1914
哈尔滨	合肥	2206
哈尔滨	武汉	2531
哈尔滨	南京	2259
哈尔滨	成都	3379
哈尔滨	贵阳	3688
哈尔滨	昆明	4326
哈尔滨	南宁	3911
哈尔滨	拉萨	5106
哈尔滨	杭州	2730
哈尔滨	南昌	2708
哈尔滨	广州	3544
哈尔滨	福州	3215
哈尔滨	海口	4458
哈尔滨	长沙	2932
哈尔滨	大连	946
哈尔滨	深圳	3583
哈尔滨	无锡	2434
哈尔滨	廊坊	1285
哈尔滨	厦门	3427
哈尔滨	青岛	2009
长春	北京	1013
长春	上海	2338
长春	天津	1013
长春	重庆	3076
长春	哈尔滨	246
长春	长春	18
长春	沈阳	303
长春	呼和浩特	1477
长春	石家庄	1380
长春	乌鲁木齐	4161
长春	兰州	2621
长春	西宁	2900
长春	西安	2390
长春	银川	2153
长春	郑州	1888
长春	济南	1346
长春	太原	1668
长春	合肥	1960
长春	武汉	2285
长春	南京	2013
长春	成都	3139
长春	贵阳	3503
长春	昆明	4141
长春	南宁	3665
长春	拉萨	4860
长春	杭州	2484
长春	南昌	2462
长春	广州	3393
长春	福州	2969
长春	海口	4212
长春	长沙	2686
长春	大连	700
长春	深圳	3337
长春	无锡	2188
长春	廊坊	1045
长春	厦门	3181
长春	青岛	1763
沈阳	北京	889
沈阳	上海	2107
沈阳	天津	689
沈阳	重庆	2743
沈阳	哈尔滨	549
沈阳	长春	303
沈阳	沈阳	6
沈阳	呼和浩特	1227
沈阳	石家庄	1168
沈阳	乌鲁木齐	3912
沈阳	兰州	2372
沈阳	西宁	2600
沈阳	西安	2087
沈阳	银川	1911
沈阳	郑州	1576
沈阳	济南	1134
沈阳	太原	1214
沈阳	合肥	1623
沈阳	武汉	1938
沈阳	南京	1806
沈阳	成都	2751
沈阳	贵阳	3052
沈阳	昆明	3690
沈阳	南宁	3275
沈阳	拉萨	4560
沈阳	杭州	2230
沈阳	南昌	2226
沈阳	广州	2969
沈阳	福州	2669
沈阳	海口	3797
沈阳	长沙	2262
沈阳	大连	397
沈阳	深圳	3149
沈阳	无锡	1981
沈阳	廊坊	747
沈阳	厦门	2881
沈阳	青岛	1463
呼和浩特	北京	659
呼和浩特	上海	1722
呼和浩特	天津	780
呼和浩特	重庆	1841
呼和浩特	哈尔滨	1723
呼和浩特	长春	1477
呼和浩特	沈阳	1227
呼和浩特	呼和浩特	16
呼和浩特	石家庄	900
呼和浩特	乌鲁木齐	2684
呼和浩特	兰州	1144
呼和浩特	西宁	1372
呼和浩特	西安	1064
呼和浩特	银川	676
呼和浩特	郑州	1312
呼和浩特	济南	957
呼和浩特	太原	640
呼和浩特	合肥	1594
呼和浩特	武汉	1747
呼和浩特	南京	1660
呼和浩特	成都	2316
呼和浩特	贵阳	2336
呼和浩特	昆明	3006
呼和浩特	南宁	3084
呼和浩特	拉萨	3332
呼和浩特	杭州	2148
呼和浩特	南昌	2203
呼和浩特	广州	2812
呼和浩特	福州	2585
呼和浩特	海口	3606
呼和浩特	长沙	2105
呼和浩特	大连	1833
呼和浩特	深圳	2890
呼和浩特	无锡	1835
呼和浩特	廊坊	564
呼和浩特	厦门	2805
呼和浩特	青岛	1482
石家庄	北京	561
石家庄	上海	1406
石家庄	天津	423
石家庄	重庆	1652
石家庄	哈尔滨	1626
石家庄	长春	1380
石家庄	沈阳	990
石家庄	呼和浩特	904
石家庄	石家庄	52
石家庄	乌鲁木齐	2821
石家庄	兰州	1595
石家庄	西宁	1509
石家庄	西安	919
石家庄	银川	949
石家庄	郑州	412
石家庄	济南	302
石家庄	太原	224
石家庄	合肥	924
石家庄	武汉	948
石家庄	南京	1105
石家庄	成都	1930
石家庄	贵阳	2062
石家庄	昆明	2700
石家庄	南宁	2285
石家庄	拉萨	3470
石家庄	杭州	1369
石家庄	南昌	1303
石家庄	广州	2017
石家庄	福州	1846
石家庄	海口	2807
石家庄	长沙	1306
石家庄	大连	1315
石家庄	深圳	2119
石家庄	无锡	1280
石家庄	廊坊	338
石家庄	厦门	1992
石家庄	青岛	695
福州	北京	2331
福州	上海	883
福州	天津	2062
福州	重庆	1967
福州	哈尔滨	3215
福州	长春	2969
福州	沈阳	2669
福州	呼和浩特	2585
福州	石家庄	1846
福州	乌鲁木齐	4359
福州	兰州	2467
福州	西宁	2695
福州	西安	1791
福州	银川	2597
福州	郑州	1476
福州	济南	1836
福州	太原	2053
福州	合肥	1009
福州	武汉	891
福州	南京	1302
福州	成都	2429
福州	贵阳	1823
福州	昆明	2449
福州	南宁	1800
福州	拉萨	4813
福州	杭州	724
福州	南昌	547
福州	广州	983
福州	福州	38
福州	海口	1887
福州	长沙	978
福州	大连	2916
福州	深圳	1060
福州	无锡	1127
福州	廊坊	1951
福州	厦门	276
福州	青岛	2342
长沙	北京	1593
长沙	上海	439
长沙	天津	1697
长沙	重庆	1094
长沙	哈尔滨	2932
长沙	长春	2686
长沙	沈阳	2262
长沙	呼和浩特	2105
长沙	石家庄	1306
长沙	乌鲁木齐	3977
长沙	兰州	2085
长沙	西宁	2290
长沙	西安	1469
长沙	银川	2275
长沙	郑州	898
长沙	济南	1291
长沙	太原	1791
长沙	合肥	746
长沙	武汉	413
长沙	南京	422
长沙	成都	1356
长沙	贵阳	949
长沙	昆明	1587
长沙	南宁	979
长沙	拉萨	4273
长沙	杭州	1004
长沙	南昌	419
长沙	广州	707
长沙	福州	978
长沙	海口	1501
长沙	长沙	104
长沙	大连	2466
长沙	深圳	854
长沙	无锡	436
长沙	廊坊	1651
长沙	厦门	1138
长沙	青岛	1530
大连	北京	885
大连	上海	2238
大连	天津	924
大连	重庆	3011
大连	哈尔滨	946
大连	长春	700
大连	沈阳	397
大连	呼和浩特	1833
大连	石家庄	1315
大连	乌鲁木齐	4101
大连	兰州	2730
大连	西宁	3138
大连	西安	2164
大连	银川	2093
大连	郑州	1723
大连	济南	1270
大连	太原	1436
大连	合肥	1847
大连	武汉	2209
大连	南京	1937
大连	成都	3011
大连	贵阳	3344
大连	昆明	3982
大连	南宁	3600
大连	拉萨	6009
大连	杭州	2146
大连	南昌	2303
大连	广州	3181
大连	福州	2933
大连	海口	4118
大连	长沙	2461
大连	大连	8
大连	深圳	3218
大连	无锡	2112
大连	廊坊	917
大连	厦门	3206
大连	青岛	1663
深圳	北京	2357
深圳	上海	1293
深圳	天津	2367
深圳	重庆	1819
深圳	哈尔滨	3583
深圳	长春	3337
深圳	沈阳	3037
深圳	呼和浩特	2890
深圳	石家庄	2119
深圳	乌鲁木齐	4728
深圳	兰州	2836
深圳	西宁	3064
深圳	西安	2160
深圳	银川	2966
深圳	郑州	1898
深圳	济南	1951
深圳	太原	2293
深圳	合肥	1267
深圳	武汉	1171
深圳	南京	1707
深圳	成都	2149
深圳	贵阳	1583
深圳	昆明	1776
深圳	南宁	948
深圳	拉萨	5119
深圳	杭州	1503
深圳	南昌	923
深圳	广州	147
深圳	福州	1060
深圳	海口	933
深圳	长沙	854
深圳	大连	3226
深圳	深圳	88
深圳	无锡	1290
深圳	廊坊	2297
深圳	厦门	732
深圳	青岛	2347
无锡	北京	1337
无锡	上海	126
无锡	天津	1199
无锡	重庆	1823
无锡	哈尔滨	2463
无锡	长春	2217
无锡	沈阳	1981
无锡	呼和浩特	1835
无锡	石家庄	1280
无锡	乌鲁木齐	3951
无锡	兰州	2059
无锡	西宁	2287
无锡	西安	1383
无锡	银川	2093
无锡	郑州	872
无锡	济南	842
无锡	太原	1379
无锡	合肥	339
无锡	武汉	701
无锡	南京	175
无锡	成都	2027
无锡	贵阳	1970
无锡	昆明	2608
无锡	南宁	2054
无锡	拉萨	4247
无锡	杭州	313
无锡	南昌	760
无锡	广州	1920
无锡	福州	1127
无锡	海口	2510
无锡	长沙	1055
无锡	大连	2128
无锡	深圳	1675
无锡	无锡	19
无锡	廊坊	1148
无锡	厦门	1217
无锡	青岛	1170
廊坊	北京	64
廊坊	上海	1158
廊坊	天津	59
廊坊	重庆	2041
廊坊	哈尔滨	1285
廊坊	长春	1045
廊坊	沈阳	747
廊坊	呼和浩特	564
廊坊	石家庄	338
廊坊	乌鲁木齐	3177
廊坊	兰州	1637
廊坊	西宁	1865
廊坊	西安	1264
廊坊	银川	1248
廊坊	郑州	753
廊坊	济南	366
廊坊	太原	569
廊坊	合肥	920
廊坊	武汉	1282
廊坊	南京	963
廊坊	成都	2106
廊坊	贵阳	2407
廊坊	昆明	3045
廊坊	南宁	2630
廊坊	拉萨	3825
廊坊	杭州	1219
廊坊	南昌	1382
廊坊	广州	2358
廊坊	福州	1929
廊坊	海口	3152
廊坊	长沙	1651
廊坊	大连	922
廊坊	深圳	2297
廊坊	无锡	1148
廊坊	廊坊	70
廊坊	厦门	2351
廊坊	青岛	759
厦门	北京	2137
厦门	上海	1109
厦门	天津	2107
厦门	重庆	2188
厦门	哈尔滨	3367
厦门	长春	3121
厦门	沈阳	2821
厦门	呼和浩特	2805
厦门	石家庄	1987
厦门	乌鲁木齐	4808
厦门	兰州	2850
厦门	西宁	3144
厦门	西安	2240
厦门	银川	3046
厦门	郑州	1729
厦门	济南	1764
厦门	太原	2485
厦门	合肥	1406
厦门	武汉	1025
厦门	南京	1390
厦门	成都	2261
厦门	贵阳	2043
厦门	昆明	2436
厦门	南宁	1587
厦门	拉萨	5104
厦门	杭州	1194
厦门	南昌	719
厦门	广州	757
厦门	福州	276
厦门	海口	1572
厦门	长沙	1107
厦门	大连	3206
厦门	深圳	737
厦门	无锡	1217
厦门	廊坊	2169
厦门	厦门	62
厦门	青岛	2219
青岛	北京	819
青岛	上海	1030
青岛	天津	750
青岛	重庆	2349
青岛	哈尔滨	1985
青岛	长春	1768
青岛	沈阳	1472
青岛	呼和浩特	1482
青岛	石家庄	695
青岛	乌鲁木齐	3527
青岛	兰州	2248
青岛	西宁	2215
青岛	西安	1572
青岛	银川	1644
青岛	郑州	1061
青岛	济南	393
青岛	太原	930
青岛	合肥	970
青岛	武汉	1332
青岛	南京	995
青岛	成都	2688
青岛	贵阳	2479
青岛	昆明	3334
青岛	南宁	2918
青岛	拉萨	4175
青岛	杭州	1269
青岛	南昌	1555
青岛	广州	2326
青岛	福州	2342
青岛	海口	3240
青岛	长沙	1530
青岛	大连	1583
青岛	深圳	2347
青岛	无锡	1027
青岛	廊坊	759
青岛	厦门	2248
青岛	青岛	34
海口	北京	3065
海口	上海	2442
海口	天津	3194
海口	重庆	1809
海口	哈尔滨	4429
海口	长春	4183
海口	沈阳	3797
海口	呼和浩特	3606
海口	石家庄	2807
海口	乌鲁木齐	5214
海口	兰州	3322
海口	西宁	3550
海口	西安	2970
海口	银川	3716
海口	郑州	2399
海口	济南	2792
海口	太原	2976
海口	合肥	2212
海口	武汉	2944
海口	南京	2335
海口	成都	2122
海口	贵阳	1374
海口	昆明	1567
海口	南宁	739
海口	拉萨	5510
海口	杭州	2275
海口	南昌	1750
海口	广州	794
海口	福州	1887
海口	海口	48
海口	长沙	1501
海口	大连	4118
海口	深圳	933
海口	无锡	2510
海口	廊坊	3152
海口	厦门	1572
海口	青岛	3279
成都	北京	2039
成都	上海	2153
成都	天津	2458
成都	重庆	313
成都	哈尔滨	3374
成都	长春	3134
成都	沈阳	2751
成都	呼和浩特	2316
成都	石家庄	1930
成都	乌鲁木齐	3064
成都	兰州	1172
成都	西宁	1400
成都	西安	842
成都	银川	1640
成都	郑州	1522
成都	济南	2295
成都	太原	1493
成都	合肥	1696
成都	武汉	1229
成都	南京	1852
成都	成都	64
成都	贵阳	993
成都	昆明	1100
成都	南宁	1498
成都	拉萨	3360
成都	杭州	2842
成都	南昌	1707
成都	广州	2233
成都	福州	2429
成都	海口	2122
成都	长沙	1356
成都	大连	3011
成都	深圳	2149
成都	无锡	2027
成都	廊坊	2106
成都	厦门	2266
成都	青岛	2688
贵阳	北京	2329
贵阳	上海	2014
贵阳	天津	2485
贵阳	重庆	463
贵阳	哈尔滨	3688
贵阳	长春	3503
贵阳	沈阳	3142
贵阳	呼和浩特	2344
贵阳	石家庄	2062
贵阳	乌鲁木齐	3840
贵阳	兰州	1948
贵阳	西宁	2176
贵阳	西安	1272
贵阳	银川	2633
贵阳	郑州	1654
贵阳	济南	2340
贵阳	太原	1923
贵阳	合肥	1695
贵阳	武汉	1306
贵阳	南京	2045
贵阳	成都	993
贵阳	贵阳	146
贵阳	昆明	638
贵阳	南宁	875
贵阳	拉萨	4136
贵阳	杭州	1849
贵阳	南昌	1264
贵阳	广州	1552
贵阳	福州	1823
贵阳	海口	1374
贵阳	长沙	949
贵阳	大连	3344
贵阳	深圳	1583
贵阳	无锡	1970
贵阳	廊坊	2407
贵阳	厦门	2043
贵阳	青岛	2479
乌鲁木齐	北京	3216
乌鲁木齐	上海	4077
乌鲁木齐	天津	3219
乌鲁木齐	重庆	3307
乌鲁木齐	哈尔滨	4407
乌鲁木齐	长春	4161
乌鲁木齐	沈阳	3912
乌鲁木齐	呼和浩特	2684
乌鲁木齐	石家庄	2821
乌鲁木齐	乌鲁木齐	40
乌鲁木齐	兰州	1892
乌鲁木齐	西宁	2120
乌鲁木齐	西安	2568
乌鲁木齐	银川	2008
乌鲁木齐	郑州	3079
乌鲁木齐	济南	3747
乌鲁木齐	太原	2597
乌鲁木齐	合肥	3723
乌鲁木齐	武汉	3546
乌鲁木齐	南京	3776
乌鲁木齐	成都	3064
乌鲁木齐	贵阳	3840
乌鲁木齐	昆明	4126
乌鲁木齐	南宁	4956
乌鲁木齐	拉萨	4080
乌鲁木齐	杭州	4168
乌鲁木齐	南昌	3805
乌鲁木齐	广州	4684
乌鲁木齐	福州	4359
乌鲁木齐	海口	5214
乌鲁木齐	长沙	3977
乌鲁木齐	大连	4089
乌鲁木齐	深圳	4728
乌鲁木齐	无锡	3951
乌鲁木齐	廊坊	3177
乌鲁木齐	厦门	4663
乌鲁木齐	青岛	3527
兰州	北京	1803
兰州	上海	2185
兰州	天津	1683
兰州	重庆	1453
兰州	哈尔滨	2867
兰州	长春	2621
兰州	沈阳	2372
兰州	呼和浩特	1144
兰州	石家庄	1595
兰州	乌鲁木齐	1892
兰州	兰州	16
兰州	西宁	228
兰州	西安	676
兰州	银川	468
兰州	郑州	1187
兰州	济南	1855
兰州	太原	1355
兰州	合肥	1831
兰州	武汉	1654
兰州	南京	1884
兰州	成都	1172
兰州	贵阳	1948
兰州	昆明	2272
兰州	南宁	3041
兰州	拉萨	2188
兰州	杭州	2276
兰州	南昌	2162
兰州	广州	2792
兰州	福州	2467
兰州	海口	3322
兰州	长沙	2085
兰州	大连	2730
兰州	深圳	2836
兰州	无锡	2059
兰州	廊坊	1637
兰州	厦门	2748
兰州	青岛	2248
昆明	北京	2967
昆明	上海	2652
昆明	天津	3123
昆明	重庆	1237
昆明	哈尔滨	4326
昆明	长春	4141
昆明	沈阳	3780
昆明	呼和浩特	3006
昆明	石家庄	2700
昆明	乌鲁木齐	4126
昆明	兰州	2272
昆明	西宁	2500
昆明	西安	1942
昆明	银川	2442
昆明	郑州	2485
昆明	济南	2978
昆明	太原	2593
昆明	合肥	2364
昆明	武汉	1944
昆明	南京	2683
昆明	成都	1100
昆明	贵阳	638
昆明	昆明	10
昆明	南宁	828
昆明	拉萨	4460
昆明	杭州	2487
昆明	南昌	1902
昆明	广州	1637
昆明	福州	2449
昆明	海口	1567
昆明	长沙	1587
昆明	大连	3982
昆明	深圳	1776
昆明	无锡	2608
昆明	廊坊	3045
昆明	厦门	2436
昆明	青岛	3306
南宁	北京	2566
南宁	上海	2044
南宁	天津	2676
南宁	重庆	1338
南宁	哈尔滨	3911
南宁	长春	3665
南宁	沈阳	3275
南宁	呼和浩特	3084
南宁	石家庄	2285
南宁	乌鲁木齐	4956
南宁	兰州	3041
南宁	西宁	3292
南宁	西安	2388
南宁	银川	3194
南宁	郑州	1877
南宁	济南	2525
南宁	太原	2454
南宁	合肥	1725
南宁	武汉	1700
南宁	南京	1948
南宁	成都	1498
南宁	贵阳	875
南宁	昆明	828
南宁	南宁	110
南宁	拉萨	5252
南宁	杭州	1879
南宁	南昌	1294
南宁	广州	809
南宁	福州	1800
南宁	海口	739
南宁	长沙	979
南宁	大连	3600
南宁	深圳	948
南宁	无锡	2054
南宁	廊坊	2630
南宁	厦门	1587
南宁	青岛	2918
拉萨	北京	3750
拉萨	上海	4373
拉萨	天津	3871
拉萨	重庆	3641
拉萨	哈尔滨	5106
拉萨	长春	4860
拉萨	沈阳	4560
拉萨	呼和浩特	3332
拉萨	石家庄	3469
拉萨	乌鲁木齐	4080
拉萨	兰州	2188
拉萨	西宁	1960
拉萨	西安	2864
拉萨	银川	2656
拉萨	郑州	3375
拉萨	济南	3782
拉萨	太原	3245
拉萨	合肥	3977
拉萨	武汉	3920
拉萨	南京	4072
拉萨	成都	3360
拉萨	贵阳	4136
拉萨	昆明	4460
拉萨	南宁	5252
拉萨	拉萨	2284
拉萨	杭州	4326
拉萨	南昌	4101
拉萨	广州	4980
拉萨	福州	4851
拉萨	海口	5510
拉萨	长沙	4273
拉萨	大连	5098
拉萨	深圳	5024
拉萨	无锡	4247
拉萨	廊坊	3825
拉萨	厦门	5104
拉萨	青岛	4175
杭州	北京	1591
杭州	上海	202
杭州	天津	1512
杭州	重庆	2312
杭州	哈尔滨	2759
杭州	长春	2513
杭州	沈阳	1922
杭州	呼和浩特	2148
杭州	石家庄	1369
杭州	乌鲁木齐	4168
杭州	兰州	2276
杭州	西宁	2348
杭州	西安	1558
杭州	银川	2250
杭州	郑州	1047
杭州	济南	1155
杭州	太原	1604
杭州	合肥	445
杭州	武汉	772
杭州	南京	488
杭州	成都	2842
杭州	贵阳	1849
杭州	昆明	2487
杭州	南宁	1879
杭州	拉萨	4422
杭州	杭州	114
杭州	南昌	644
杭州	广州	1607
杭州	福州	724
杭州	海口	2275
杭州	长沙	1004
杭州	大连	2207
杭州	深圳	1503
杭州	无锡	313
杭州	廊坊	1219
杭州	厦门	1194
杭州	青岛	1269
西宁	北京	1790
西宁	上海	2182
西宁	天津	1911
西宁	重庆	1681
西宁	哈尔滨	3146
西宁	长春	2900
西宁	沈阳	2600
西宁	呼和浩特	1372
西宁	石家庄	1509
西宁	乌鲁木齐	2120
西宁	兰州	228
西宁	西宁	86
西宁	西安	904
西宁	银川	696
西宁	郑州	1415
西宁	济南	1822
西宁	太原	1285
西宁	合肥	1903
西宁	武汉	1960
西宁	南京	2110
西宁	成都	1400
西宁	贵阳	2176
西宁	昆明	2500
西宁	南宁	3292
西宁	拉萨	1960
西宁	杭州	2348
西宁	南昌	2141
西宁	广州	2993
西宁	福州	2695
西宁	海口	3550
西宁	长沙	2290
西宁	大连	3137
西宁	深圳	3064
西宁	无锡	2179
西宁	廊坊	1865
西宁	厦门	3144
西宁	青岛	2215
南昌	北京	2012
南昌	上海	432
南昌	天津	1444
南昌	重庆	1409
南昌	哈尔滨	2679
南昌	长春	2433
南昌	沈阳	2122
南昌	呼和浩特	2203
南昌	石家庄	1299
南昌	乌鲁木齐	3805
南昌	兰州	2162
南昌	西宁	2141
南昌	西安	1486
南昌	银川	2043
南昌	郑州	891
南昌	济南	1162
南昌	太原	1607
南昌	合肥	462
南昌	武汉	337
南昌	南京	585
南昌	成都	1707
南昌	贵阳	1264
南昌	昆明	1902
南昌	南宁	1294
南昌	拉萨	4266
南昌	杭州	644
南昌	南昌	26
南昌	广州	1022
南昌	福州	547
南昌	海口	1750
南昌	长沙	419
南昌	大连	2298
南昌	深圳	923
南昌	无锡	760
南昌	廊坊	1382
南昌	厦门	719
南昌	青岛	1555
广州	北京	2251
广州	上海	1146
广州	天津	2404
广州	重庆	2015
广州	哈尔滨	3515
广州	长春	3393
广州	沈阳	2969
广州	呼和浩特	2812
广州	石家庄	2013
广州	乌鲁木齐	4684
广州	兰州	2792
广州	西宁	2993
广州	西安	2176
广州	银川	2982
广州	郑州	1605
广州	济南	1998
广州	太原	2182
广州	合肥	1120
广州	武汉	1022
广州	南京	1803
广州	成都	2233
广州	贵阳	1552
广州	昆明	1637
广州	南宁	809
广州	拉萨	4980
广州	杭州	1607
广州	南昌	1022
广州	广州	16
广州	福州	983
广州	海口	794
广州	长沙	707
广州	大连	3181
广州	深圳	147
广州	无锡	1920
广州	廊坊	2330
广州	厦门	757
广州	青岛	2326
西安	北京	1156
西安	上海	1509
西安	天津	1310
西安	重庆	734
西安	哈尔滨	2628
西安	长春	2390
西安	沈阳	1909
西安	呼和浩特	1064
西安	石家庄	919
西安	乌鲁木齐	2568
西安	兰州	676
西安	西宁	904
西安	西安	46
西安	银川	806
西安	郑州	511
西安	济南	1179
西安	太原	679
西安	合肥	1113
西安	武汉	935
西安	南京	1208
西安	成都	842
西安	贵阳	1272
西安	昆明	1942
西安	南宁	2388
西安	拉萨	2864
西安	杭州	1558
西安	南昌	1486
西安	广州	2176
西安	福州	1791
西安	海口	2970
西安	长沙	1469
西安	大连	2169
西安	深圳	2160
西安	无锡	1383
西安	廊坊	1263
西安	厦门	2240
西安	青岛	1572
南京	北京	1162
南京	上海	301
南京	天津	1024
南京	重庆	1646
南京	哈尔滨	2288
南京	长春	2042
南京	沈阳	1806
南京	呼和浩特	1660
南京	石家庄	1105
南京	乌鲁木齐	3776
南京	兰州	1884
南京	西宁	2110
南京	西安	1208
南京	银川	1918
南京	郑州	697
南京	济南	667
南京	太原	1204
南京	合肥	156
南京	武汉	516
南京	南京	75
南京	成都	1852
南京	贵阳	2045
南京	昆明	2683
南京	南宁	1948
南京	拉萨	4072
南京	杭州	488
南京	南昌	585
南京	广州	1803
南京	福州	1302
南京	海口	2335
南京	长沙	878
南京	大连	1953
南京	深圳	1707
南京	无锡	175
南京	廊坊	963
南京	厦门	1390
南京	青岛	995
银川	北京	1208
银川	上海	2219
银川	天津	1322
银川	重庆	1583
银川	哈尔滨	2399
银川	长春	2153
银川	沈阳	1911
银川	呼和浩特	676
银川	石家庄	949
银川	乌鲁木齐	2008
银川	兰州	468
银川	西宁	696
银川	西安	806
银川	银川	54
银川	郑州	1357
银川	济南	1251
银川	太原	714
银川	合肥	1805
银川	武汉	1886
银川	南京	1918
银川	成都	1640
银川	贵阳	2078
银川	昆明	2578
银川	南宁	3194
银川	拉萨	2656
银川	杭州	2127
银川	南昌	2043
银川	广州	2982
银川	福州	2597
银川	海口	3716
银川	长沙	2275
银川	大连	2081
银川	深圳	2966
银川	无锡	2093
银川	廊坊	1266
银川	厦门	3046
银川	青岛	1644
郑州	北京	695
郑州	上海	998
郑州	天津	875
郑州	重庆	1288
郑州	哈尔滨	2134
郑州	长春	1888
郑州	沈阳	1564
郑州	呼和浩特	1312
郑州	石家庄	408
郑州	乌鲁木齐	3079
郑州	兰州	1187
郑州	西宁	1415
郑州	西安	511
郑州	银川	1357
郑州	郑州	128
郑州	济南	668
郑州	太原	577
郑州	合肥	602
郑州	武汉	585
郑州	南京	697
郑州	成都	1522
郑州	贵阳	1654
郑州	昆明	2485
郑州	南宁	1877
郑州	拉萨	3375
郑州	杭州	1047
郑州	南昌	891
郑州	广州	1605
郑州	福州	1476
郑州	海口	2399
郑州	长沙	898
郑州	大连	1723
郑州	深圳	1898
郑州	无锡	872
郑州	廊坊	753
郑州	厦门	1729
郑州	青岛	1061
济南	北京	495
济南	上海	968
济南	天津	357
济南	重庆	1837
济南	哈尔滨	1621
济南	长春	1375
济南	沈阳	1046
济南	呼和浩特	957
济南	石家庄	302
济南	乌鲁木齐	3747
济南	兰州	1855
济南	西宁	1822
济南	西安	1179
济南	银川	1251
济南	郑州	668
济南	济南	40
济南	太原	537
济南	合肥	577
济南	武汉	939
济南	南京	667
济南	成都	2295
济南	贵阳	2340
济南	昆明	2978
济南	南宁	2525
济南	拉萨	3782
济南	杭州	1155
济南	南昌	1162
济南	广州	1998
济南	福州	1836
济南	海口	2792
济南	长沙	1291
济南	大连	1286
济南	深圳	1951
济南	无锡	842
济南	廊坊	366
济南	厦门	1795
济南	青岛	393
合肥	北京	1109
合肥	上海	465
合肥	天津	971
合肥	重庆	1492
合肥	哈尔滨	2206
合肥	长春	1960
合肥	沈阳	1623
合肥	呼和浩特	1594
合肥	石家庄	924
合肥	乌鲁木齐	3723
合肥	兰州	1831
合肥	西宁	1903
合肥	西安	1113
合肥	银川	1805
合肥	郑州	602
合肥	济南	577
合肥	太原	1159
合肥	合肥	94
合肥	武汉	362
合肥	南京	156
合肥	成都	1696
合肥	贵阳	1695
合肥	昆明	2364
合肥	南宁	1725
合肥	拉萨	3977
合肥	杭州	445
合肥	南昌	462
合肥	广州	1410
合肥	福州	1009
合肥	海口	2212
合肥	长沙	746
合肥	大连	1830
合肥	深圳	1377
合肥	无锡	339
合肥	廊坊	920
合肥	厦门	1406
合肥	青岛	970
太原	北京	729
太原	上海	1505
太原	天津	866
太原	重庆	1428
太原	哈尔滨	1914
太原	长春	1668
太原	沈阳	1214
太原	呼和浩特	640
太原	石家庄	224
太原	乌鲁木齐	2597
太原	兰州	1355
太原	西宁	1285
太原	西安	679
太原	银川	714
太原	郑州	577
太原	济南	537
太原	太原	6
太原	合肥	1159
太原	武汉	1172
太原	南京	1204
太原	成都	1493
太原	贵阳	1923
太原	昆明	2593
太原	南宁	2454
太原	拉萨	3245
太原	杭州	1604
太原	南昌	1607
太原	广州	2182
太原	福州	2053
太原	海口	2976
太原	长沙	1791
太原	大连	1441
太原	深圳	2293
太原	无锡	1379
太原	廊坊	569
太原	厦门	2485
太原	青岛	930
武汉	北京	1224
武汉	上海	88
武汉	天津	1220
武汉	重庆	1099
武汉	哈尔滨	2548
武汉	长春	2302
武汉	沈阳	1938
武汉	呼和浩特	1742
武汉	石家庄	948
武汉	乌鲁木齐	3546
武汉	兰州	1654
武汉	西宁	1960
武汉	西安	935
武汉	银川	1862
武汉	郑州	585
武汉	济南	956
武汉	太原	1172
武汉	合肥	362
武汉	武汉	62
武汉	南京	71
武汉	成都	1229
武汉	贵阳	1306
武汉	昆明	1944
武汉	南宁	1631
武汉	拉萨	4256
武汉	杭州	772
武汉	南昌	337
武汉	广州	1022
武汉	福州	891
武汉	海口	2944
武汉	长沙	413
武汉	大连	2258
武汉	深圳	1171
武汉	无锡	701
武汉	廊坊	1282
武汉	厦门	1032
武汉	青岛	1349
